{
    "name": "Disease",
    "roles": [
        "Disease"
    ],
    "lookups": [
        "free-text",
        "keywords"
    ],
    "keywords": [
        {
            "keyword": "Corona",
            "synonyms": [
                "corona"
            ]
        },
        {
            "keyword": "Covid",
            "synonyms": [
                "covid"
            ]
        },
        {
            "keyword": "Covid-19",
            "synonyms": [
                "covid-19"
            ]
        }
    ]
}
