{
    "name": "Greeting",
    "roles": [
        "Greeting",
        "Prevent"
    ],
    "lookups": [
        "free-text",
        "keywords"
    ],
    "keywords": [
        {
            "keyword": "Hello",
            "synonyms": [
                "hello"
            ]
        },
        {
            "keyword": "Hi",
            "synonyms": [
                "hi"
            ]
        },
        {
            "keyword": "How",
            "synonyms": [
                "how"
            ]
        },
        {
            "keyword": "How are You",
            "synonyms": [
                "how are you"
            ]
        },
        {
            "keyword": "I",
            "synonyms": [
                "i"
            ]
        }
    ]
}
