{
    "name": "Location",
    "roles": [
        "Location"
    ],
    "lookups": [
        "free-text",
        "keywords"
    ],
    "keywords": [
        {
            "keyword": "Cameron",
            "synonyms": [
                "cameron"
            ]
        },
        {
            "keyword": "Ghana",
            "synonyms": [
                "ghana"
            ]
        },
        {
            "keyword": "Nigeria",
            "synonyms": [
                "nigeria"
            ]
        },
        {
            "keyword": "Tanzania",
            "synonyms": [
                "Tanzania"
            ]
        },
        {
            "keyword": "Zambia",
            "synonyms": [
                "zambia"
            ]
        }
    ]
}
