{
    "name": "Prevention",
    "roles": [
        "Prevention"
    ],
    "lookups": [
        "free-text",
        "keywords"
    ],
    "keywords": [
        {
            "keyword": "Avoid",
            "synonyms": [
                "avoid"
            ]
        },
        {
            "keyword": "Contract",
            "synonyms": [
                "contract"
            ]
        },
        {
            "keyword": "Contracting",
            "synonyms": [
                "contracting"
            ]
        },
        {
            "keyword": "Prevent",
            "synonyms": [
                "prevent"
            ]
        },
        {
            "keyword": "Protect",
            "synonyms": [
                "protect"
            ]
        },
        {
            "keyword": "Transmiting",
            "synonyms": [
                "transmiting"
            ]
        }
    ]
}
