{
    "utterances": [
        {
            "text": "Cameron",
            "entities": [],
            "traits": []
        },
        {
            "text": "Hello",
            "entities": [
                {
                    "entity": "Greeting:Greeting",
                    "start": 0,
                    "end": 5,
                    "body": "Hello",
                    "entities": []
                }
            ],
            "traits": [],
            "intent": "Prevention"
        },
        {
            "text": "Hi",
            "entities": [],
            "traits": []
        },
        {
            "text": "Hi CovidBot",
            "entities": [
                {
                    "entity": "Greeting:Greeting",
                    "start": 0,
                    "end": 2,
                    "body": "Hi",
                    "entities": []
                }
            ],
            "traits": [],
            "intent": "Intent"
        },
        {
            "text": "Hi covidBot",
            "entities": [
                {
                    "entity": "Greeting:Greeting",
                    "start": 0,
                    "end": 2,
                    "body": "Hi",
                    "entities": []
                }
            ],
            "traits": [],
            "intent": "Intent"
        },
        {
            "text": "How Can I Prevent Corona",
            "entities": [
                {
                    "entity": "Greeting:Greeting",
                    "start": 0,
                    "end": 3,
                    "body": "How",
                    "entities": []
                },
                {
                    "entity": "Greeting:Greeting",
                    "start": 8,
                    "end": 9,
                    "body": "I",
                    "entities": []
                },
                {
                    "entity": "Disease:Disease",
                    "start": 18,
                    "end": 24,
                    "body": "Corona",
                    "entities": []
                }
            ],
            "traits": [],
            "intent": "Prevention"
        },
        {
            "text": "How Can Prevent Myself From Transmiting corona virus",
            "entities": [
                {
                    "entity": "Greeting:Greeting",
                    "start": 0,
                    "end": 3,
                    "body": "How",
                    "entities": []
                },
                {
                    "entity": "Prevention:Prevention",
                    "start": 8,
                    "end": 15,
                    "body": "Prevent",
                    "entities": []
                },
                {
                    "entity": "Disease:Disease",
                    "start": 40,
                    "end": 46,
                    "body": "corona",
                    "entities": []
                },
                {
                    "entity": "Prevention:Prevention",
                    "start": 28,
                    "end": 39,
                    "body": "Transmiting",
                    "entities": []
                }
            ],
            "traits": [],
            "intent": "Prevention"
        },
        {
            "text": "How Can i Prevent Corona Virus",
            "entities": [],
            "traits": [],
            "intent": "Prevention"
        },
        {
            "text": "How are You CovidBot",
            "entities": [
                {
                    "entity": "Greeting:Greeting",
                    "start": 0,
                    "end": 11,
                    "body": "How are You",
                    "entities": []
                }
            ],
            "traits": [],
            "intent": "Intent"
        },
        {
            "text": "How can I prevent Corona virus",
            "entities": [
                {
                    "entity": "Greeting:Greeting",
                    "start": 0,
                    "end": 3,
                    "body": "How",
                    "entities": []
                },
                {
                    "entity": "Greeting:Greeting",
                    "start": 8,
                    "end": 9,
                    "body": "I",
                    "entities": []
                },
                {
                    "entity": "Prevention:Prevention",
                    "start": 10,
                    "end": 17,
                    "body": "prevent",
                    "entities": []
                },
                {
                    "entity": "Disease:Disease",
                    "start": 18,
                    "end": 24,
                    "body": "Corona",
                    "entities": []
                }
            ],
            "traits": [],
            "intent": "Prevention"
        },
        {
            "text": "How can i Prevent Covid",
            "entities": [
                {
                    "entity": "Greeting:Greeting",
                    "start": 0,
                    "end": 3,
                    "body": "How",
                    "entities": []
                },
                {
                    "entity": "Greeting:Greeting",
                    "start": 8,
                    "end": 9,
                    "body": "i",
                    "entities": []
                },
                {
                    "entity": "Disease:Disease",
                    "start": 18,
                    "end": 23,
                    "body": "Covid",
                    "entities": []
                }
            ],
            "traits": [],
            "intent": "Prevention"
        },
        {
            "text": "How can i Protect Myself From Corona Virus",
            "entities": [
                {
                    "entity": "Greeting:Greeting",
                    "start": 0,
                    "end": 3,
                    "body": "How",
                    "entities": []
                },
                {
                    "entity": "Prevention:Prevention",
                    "start": 10,
                    "end": 17,
                    "body": "Protect",
                    "entities": []
                }
            ],
            "traits": [],
            "intent": "Prevention"
        },
        {
            "text": "Prevent Corona virus",
            "entities": [
                {
                    "entity": "Prevention:Prevention",
                    "start": 0,
                    "end": 7,
                    "body": "Prevent",
                    "entities": []
                },
                {
                    "entity": "Disease:Disease",
                    "start": 8,
                    "end": 14,
                    "body": "Corona",
                    "entities": []
                }
            ],
            "traits": [],
            "intent": "Prevention"
        },
        {
            "text": "Prevent Covid",
            "entities": [
                {
                    "entity": "Prevention:Prevention",
                    "start": 0,
                    "end": 7,
                    "body": "Prevent",
                    "entities": []
                }
            ],
            "traits": [],
            "intent": "Prevention"
        },
        {
            "text": "Protect",
            "entities": [
                {
                    "entity": "Prevention:Prevention",
                    "start": 0,
                    "end": 7,
                    "body": "Protect",
                    "entities": []
                }
            ],
            "traits": [],
            "intent": "Prevention"
        },
        {
            "text": "Update",
            "entities": [
                {
                    "entity": "Update:Update",
                    "start": 0,
                    "end": 6,
                    "body": "Update",
                    "entities": []
                }
            ],
            "traits": [],
            "intent": "Update"
        },
        {
            "text": "Update in Cameron",
            "entities": [
                {
                    "entity": "Update:Update",
                    "start": 0,
                    "end": 6,
                    "body": "Update",
                    "entities": []
                },
                {
                    "entity": "Location:Location",
                    "start": 10,
                    "end": 17,
                    "body": "Cameron",
                    "entities": []
                }
            ],
            "traits": [],
            "intent": "Update"
        },
        {
            "text": "Update in Ghana",
            "entities": [
                {
                    "entity": "Update:Update",
                    "start": 0,
                    "end": 6,
                    "body": "Update",
                    "entities": []
                },
                {
                    "entity": "Location:Location",
                    "start": 10,
                    "end": 15,
                    "body": "Ghana",
                    "entities": []
                }
            ],
            "traits": [],
            "intent": "Update"
        },
        {
            "text": "Update in Nigeria",
            "entities": [
                {
                    "entity": "Update:Update",
                    "start": 0,
                    "end": 6,
                    "body": "Update",
                    "entities": []
                },
                {
                    "entity": "Location:Location",
                    "start": 10,
                    "end": 17,
                    "body": "Nigeria",
                    "entities": []
                }
            ],
            "traits": [],
            "intent": "Update"
        },
        {
            "text": "Update in Zambia",
            "entities": [
                {
                    "entity": "Update:Update",
                    "start": 0,
                    "end": 6,
                    "body": "Update",
                    "entities": []
                },
                {
                    "entity": "Location:Location",
                    "start": 10,
                    "end": 16,
                    "body": "Zambia",
                    "entities": []
                }
            ],
            "traits": [],
            "intent": "Intent"
        },
        {
            "text": "What can i do to avoid Contracting Corona virus",
            "entities": [
                {
                    "entity": "Prevention:Prevention",
                    "start": 17,
                    "end": 22,
                    "body": "avoid",
                    "entities": []
                },
                {
                    "entity": "Prevention:Prevention",
                    "start": 23,
                    "end": 34,
                    "body": "Contracting",
                    "entities": []
                },
                {
                    "entity": "Disease:Disease",
                    "start": 35,
                    "end": 41,
                    "body": "Corona",
                    "entities": []
                }
            ],
            "traits": [],
            "intent": "Prevention"
        },
        {
            "text": "Zambia",
            "entities": [
                {
                    "entity": "Location:Location",
                    "start": 0,
                    "end": 6,
                    "body": "Zambia",
                    "entities": []
                }
            ],
            "traits": [],
            "intent": "Location"
        }
    ]
}
